team,fdr,matches,team_median_xg,mean_xg,median_xg,attack_factor_vs_team_median_xg,team_median_xga,mean_xga,median_xga,defensive_factor_vs_team_median_xga,mean_goal_difference,mean_xg_difference
Arsenal,1,2,1.7650000000000001,1.155,1.155,0.6543909348441926,0.565,0.28500000000000003,0.28500000000000003,1.9824561403508767,1.0,0.8700000000000001
Arsenal,2,5,1.7650000000000001,2.232,2.42,1.2645892351274788,0.565,0.312,0.29,1.8108974358974357,2.4,1.9200000000000004
Arsenal,3,24,1.7650000000000001,1.8150000000000004,1.8900000000000001,1.028328611898017,0.565,0.7324999999999999,0.6599999999999999,0.7713310580204779,1.25,1.0824999999999998
Arsenal,4,6,1.7650000000000001,1.0216666666666667,1.01,0.5788479697828139,0.565,1.2383333333333333,1.15,0.45625841184387617,0.16666666666666666,-0.21666666666666665
Arsenal,5,1,1.7650000000000001,1.62,1.62,0.9178470254957507,0.565,1.36,1.36,0.41544117647058815,-1.0,0.26
Aston Villa,1,2,1.125,1.0499999999999998,1.0499999999999998,0.9333333333333331,1.26,0.445,0.445,2.831460674157303,1.0,0.605
Aston Villa,2,5,1.125,1.6919999999999997,1.46,1.5039999999999998,1.26,1.316,1.35,0.9574468085106382,0.2,0.3759999999999999
Aston Villa,3,23,1.125,1.0956521739130434,1.05,0.9739130434782608,1.26,1.4034782608695653,1.21,0.8977695167286245,0.30434782608695654,-0.3078260869565217
Aston Villa,4,6,1.125,1.2816666666666667,0.905,1.1392592592592594,1.26,1.5116666666666667,1.4449999999999998,0.8335170893054024,-0.16666666666666666,-0.23000000000000007
Aston Villa,5,2,1.125,2.2199999999999998,2.2199999999999998,1.9733333333333332,1.26,2.255,2.255,0.5587583148558759,-1.0,-0.03500000000000003
Bournemouth,1,2,1.6,1.5,1.5,0.9375,1.34,0.42000000000000004,0.42000000000000004,3.1904761904761902,0.5,1.08
Bournemouth,2,5,1.6,2.2640000000000002,1.71,1.415,1.34,1.1320000000000001,1.38,1.1837455830388692,0.4,1.1320000000000001
Bournemouth,3,23,1.6,1.5326086956521738,1.45,0.9578804347826086,1.34,1.4965217391304346,1.28,0.8954096455549101,0.391304347826087,0.03608695652173911
Bournemouth,4,6,1.6,1.6900000000000002,1.655,1.0562500000000001,1.34,1.805,1.5899999999999999,0.7423822714681441,-1.1666666666666667,-0.11499999999999995
Bournemouth,5,2,1.6,0.955,0.955,0.5968749999999999,1.34,2.27,2.27,0.5903083700440529,-0.5,-1.315
Brentford,1,2,1.5150000000000001,2.81,2.81,1.8547854785478546,1.3250000000000002,1.17,1.17,1.1324786324786327,1.0,1.6400000000000001
Brentford,2,5,1.5150000000000001,1.95,2.25,1.287128712871287,1.3250000000000002,1.2659999999999998,1.29,1.0466034755134284,1.8,0.684
Brentford,3,22,1.5150000000000001,1.656818181818182,1.56,1.0936093609360935,1.3250000000000002,1.3281818181818184,1.22,0.9976043805612594,-0.045454545454545456,0.32863636363636367
Brentford,4,7,1.5150000000000001,1.09,1.17,0.7194719471947195,1.3250000000000002,1.6271428571428572,1.36,0.8143107989464443,-0.2857142857142857,-0.5371428571428571
Brentford,5,2,1.5150000000000001,0.29000000000000004,0.29000000000000004,0.19141914191419143,1.3250000000000002,2.35,2.35,0.5638297872340426,-2.5,-2.06
Brighton,1,2,1.4449999999999998,1.5350000000000001,1.5350000000000001,1.0622837370242217,1.18,0.395,0.395,2.9873417721518982,2.5,1.1400000000000001
Brighton,2,5,1.4449999999999998,1.784,1.87,1.2346020761245677,1.18,0.892,0.88,1.3228699551569505,1.0,0.892
Brighton,3,23,1.4449999999999998,1.5634782608695652,1.48,1.0819918760343012,1.18,1.3521739130434782,1.2,0.872668810289389,0.13043478260869565,0.21130434782608698
Brighton,4,6,1.4449999999999998,1.21,0.97,0.8373702422145329,1.18,1.2733333333333332,1.37,0.9267015706806283,-1.0,-0.06333333333333335
Brighton,5,2,1.4449999999999998,0.98,0.98,0.6782006920415226,1.18,2.675,2.675,0.4411214953271028,-0.5,-1.6949999999999998
Burnley,1,1,0.865,0.98,0.98,1.1329479768786128,2.0,2.09,2.09,0.9569377990430623,0.0,-1.1099999999999999
Burnley,2,4,0.865,1.055,1.17,1.2196531791907514,2.0,1.6749999999999998,1.65,1.1940298507462688,0.75,-0.6199999999999999
Burnley,3,24,0.865,0.9670833333333331,0.9099999999999999,1.1180154142581886,2.0,1.949166666666666,1.96,1.0260795211628904,-1.1666666666666667,-0.9820833333333332
Burnley,4,7,0.865,0.5328571428571428,0.4,0.616019818331957,2.0,2.415714285714286,2.42,0.8279124778237729,-1.0,-1.8828571428571428
Burnley,5,2,0.865,0.3,0.3,0.3468208092485549,2.0,1.66,1.66,1.2048192771084338,-2.5,-1.3599999999999999
Chelsea,1,2,1.635,2.65,2.65,1.620795107033639,1.2650000000000001,0.51,0.51,2.480392156862745,1.5,2.14
Chelsea,2,5,1.635,2.376,2.7,1.4532110091743118,1.2650000000000001,1.074,1.12,1.1778398510242085,0.8,1.302
Chelsea,3,22,1.635,1.7654545454545456,1.635,1.0797887128162358,1.2650000000000001,1.5068181818181818,1.42,0.8395173453996985,0.18181818181818182,0.2586363636363638
Chelsea,4,7,1.635,1.1014285714285714,0.79,0.673656618610747,1.2650000000000001,1.462857142857143,1.37,0.86474609375,-0.5714285714285714,-0.3614285714285714
Chelsea,5,2,1.635,1.4500000000000002,1.4500000000000002,0.8868501529051989,1.2650000000000001,1.075,1.075,1.1767441860465118,-0.5,0.3750000000000001
Crystal Palace,1,2,1.5550000000000002,1.9,1.9,1.2218649517684885,1.385,1.08,1.08,1.2824074074074074,0.0,0.8200000000000001
Crystal Palace,2,5,1.5550000000000002,1.0059999999999998,0.73,0.6469453376205786,1.385,0.9520000000000002,0.88,1.454831932773109,0.6,0.054000000000000006
Crystal Palace,3,22,1.5550000000000002,1.7186363636363635,1.685,1.1052323881905874,1.385,1.4627272727272727,1.5950000000000002,0.9468614045991299,-0.13636363636363635,0.2559090909090909
Crystal Palace,4,7,1.5550000000000002,1.485714285714286,1.16,0.9554432705558108,1.385,1.5528571428571427,1.19,0.891904323827047,-0.8571428571428571,-0.06714285714285705
Crystal Palace,5,2,1.5550000000000002,0.59,0.59,0.3794212218649517,1.385,1.29,1.29,1.073643410852713,-2.0,-0.7
Everton,1,2,1.065,1.095,1.095,1.028169014084507,1.44,0.76,0.76,1.894736842105263,1.0,0.335
Everton,2,5,1.065,1.036,0.88,0.9727699530516433,1.44,1.188,1.19,1.2121212121212122,-0.2,-0.152
Everton,3,22,1.065,1.388181818181818,1.44,1.3034571062740075,1.44,1.5772727272727274,1.49,0.9129682997118155,-0.045454545454545456,-0.1890909090909091
Everton,4,7,1.065,0.9842857142857143,0.7,0.9242119382964454,1.44,1.3442857142857143,1.44,1.0712008501594048,0.14285714285714285,-0.36
Everton,5,2,1.065,0.93,0.93,0.8732394366197184,1.44,2.54,2.54,0.5669291338582677,-2.0,-1.6099999999999999
Fulham,1,2,1.115,2.27,2.27,2.0358744394618835,1.415,0.74,0.74,1.9121621621621623,2.5,1.5299999999999998
Fulham,2,5,1.115,1.544,1.59,1.3847533632286997,1.415,1.1940000000000002,1.09,1.1850921273031825,0.4,0.35000000000000003
Fulham,3,22,1.115,1.2263636363636363,1.19,1.0998777007745617,1.415,1.3599999999999999,1.43,1.0404411764705883,0.18181818181818182,-0.1336363636363637
Fulham,4,7,1.115,0.9828571428571429,0.9,0.8814862267777066,1.415,1.5957142857142856,1.59,0.886750223813787,-1.2857142857142858,-0.6128571428571429
Fulham,5,2,1.115,0.895,0.895,0.8026905829596412,1.415,2.295,2.295,0.6165577342047931,-3.0,-1.4000000000000001
Leeds,1,2,1.435,2.23,2.23,1.5540069686411149,1.3,0.57,0.57,2.2807017543859653,2.5,1.66
Leeds,2,4,1.435,1.4375,1.3199999999999998,1.0017421602787455,1.3,0.9349999999999999,0.755,1.3903743315508024,0.0,0.5025
Leeds,3,23,1.435,1.5130434782608697,1.44,1.0543856991364946,1.3,1.3469565217391304,1.11,0.9651387992253068,0.043478260869565216,0.16608695652173913
Leeds,4,7,1.435,1.08,0.81,0.7526132404181185,1.3,1.9600000000000002,2.0,0.6632653061224489,-1.0,-0.8799999999999999
Leeds,5,2,1.435,0.855,0.855,0.5958188153310104,1.3,2.99,2.99,0.43478260869565216,-3.0,-2.135
Liverpool,1,2,1.565,2.3600000000000003,2.3600000000000003,1.5079872204472846,1.0550000000000002,0.7350000000000001,0.7350000000000001,1.435374149659864,0.5,1.625
Liverpool,2,5,1.565,1.986,1.9,1.2690095846645368,1.0550000000000002,0.708,0.44,1.4901129943502829,0.6,1.278
Liverpool,3,23,1.565,1.6952173913043482,1.73,1.0832060008334494,1.0550000000000002,1.232173913043478,1.04,0.8562103034580103,0.6086956521739131,0.46304347826086967
Liverpool,4,6,1.565,1.0,0.98,0.6389776357827476,1.0550000000000002,1.9916666666666665,2.255,0.5297071129707114,-0.8333333333333334,-0.9916666666666666
Liverpool,5,2,1.565,0.45999999999999996,0.45999999999999996,0.2939297124600639,1.0550000000000002,1.04,1.04,1.014423076923077,-1.5,-0.58
Man City,1,2,2.0149999999999997,1.4449999999999998,1.4449999999999998,0.71712158808933,0.98,0.51,0.51,1.9215686274509802,3.0,0.9349999999999999
Man City,2,5,2.0149999999999997,2.734,2.47,1.3568238213399506,0.98,0.892,0.74,1.0986547085201794,2.4,1.842
Man City,3,24,2.0149999999999997,1.8783333333333332,2.04,0.9321753515301903,0.98,1.1608333333333332,1.01,0.8442211055276383,1.0833333333333333,0.7174999999999999
Man City,4,6,2.0149999999999997,1.5066666666666668,1.42,0.7477253928866834,0.98,1.7433333333333334,1.935,0.5621414913957935,-0.3333333333333333,-0.23666666666666666
Man City,5,1,2.0149999999999997,0.87,0.87,0.43176178660049636,0.98,0.89,0.89,1.101123595505618,0.0,-0.020000000000000018
Man Utd,1,2,1.55,2.2199999999999998,2.2199999999999998,1.432258064516129,1.145,1.1099999999999999,1.1099999999999999,1.0315315315315317,0.5,1.1099999999999999
Man Utd,2,5,1.55,2.312,1.84,1.4916129032258063,1.145,0.944,0.71,1.2129237288135595,0.8,1.368
Man Utd,3,23,1.55,1.6021739130434782,1.48,1.0336605890603086,1.145,1.2582608695652173,1.17,0.909986178299931,0.5217391304347826,0.3439130434782609
Man Utd,4,6,1.55,1.6449999999999998,1.5899999999999999,1.061290322580645,1.145,1.3533333333333335,1.165,0.8460591133004925,0.6666666666666666,0.2916666666666667
Man Utd,5,2,1.55,1.115,1.115,0.7193548387096774,1.145,1.91,1.91,0.599476439790576,-1.0,-0.7949999999999999
Newcastle,1,2,1.4649999999999999,1.72,1.72,1.1740614334470991,1.31,1.0550000000000002,1.0550000000000002,1.2417061611374407,1.0,0.6649999999999999
Newcastle,2,5,1.4649999999999999,1.6759999999999997,1.73,1.144027303754266,1.31,1.328,1.06,0.9864457831325301,0.8,0.3479999999999999
Newcastle,3,22,1.4649999999999999,1.6336363636363636,1.75,1.1151101458268695,1.31,1.4145454545454546,1.435,0.9260925449871465,-0.045454545454545456,0.21909090909090911
Newcastle,4,7,1.4649999999999999,1.0585714285714285,1.18,0.7225743539736714,1.31,1.3785714285714286,1.27,0.950259067357513,-0.7142857142857143,-0.32
Newcastle,5,2,1.4649999999999999,0.81,0.81,0.5529010238907851,1.31,0.92,0.92,1.423913043478261,-1.0,-0.11000000000000004
Nott'm Forest,1,2,1.1,1.8699999999999999,1.8699999999999999,1.6999999999999997,1.46,0.39,0.39,3.743589743589743,1.5,1.48
Nott'm Forest,2,5,1.1,1.3679999999999999,1.1,1.2436363636363634,1.46,1.2679999999999998,0.85,1.1514195583596216,-0.2,0.1
Nott'm Forest,3,22,1.1,1.2595454545454547,1.17,1.1450413223140496,1.46,1.4859090909090908,1.46,0.9825634750688284,0.09090909090909091,-0.22636363636363638
Nott'm Forest,4,7,1.1,0.9400000000000001,0.89,0.8545454545454545,1.46,1.9242857142857144,1.59,0.7587230883444691,-0.5714285714285714,-0.9842857142857143
Nott'm Forest,5,2,1.1,0.585,0.585,0.5318181818181817,1.46,1.98,1.98,0.7373737373737373,-1.5,-1.395
Spurs,1,2,1.03,1.595,1.595,1.5485436893203883,1.335,1.045,1.045,1.2775119617224882,1.5,0.55
Spurs,2,5,1.03,1.3719999999999999,1.27,1.3320388349514563,1.335,1.354,1.34,0.9859675036927621,0.0,0.01799999999999995
Spurs,3,22,1.03,1.013181818181818,0.9,0.9836716681376874,1.335,1.3004545454545458,1.32,1.026564138413142,-0.2727272727272727,-0.28727272727272724
Spurs,4,7,1.03,0.9914285714285713,1.05,0.9625520110957003,1.335,1.5057142857142856,1.7,0.8866223908918407,-0.7142857142857143,-0.5142857142857142
Spurs,5,2,1.03,0.5900000000000001,0.5900000000000001,0.5728155339805826,1.335,1.74,1.74,0.7672413793103449,-0.5,-1.15
Sunderland,1,2,0.87,1.06,1.06,1.2183908045977012,1.365,0.44499999999999995,0.44499999999999995,3.067415730337079,2.5,0.615
Sunderland,2,4,0.87,0.7075,0.7050000000000001,0.8132183908045977,1.365,1.3275,1.3599999999999999,1.0282485875706215,0.25,-0.62
Sunderland,3,23,0.87,1.1295652173913044,1.22,1.2983508245877062,1.365,1.3421739130434782,1.18,1.0170068027210886,-0.13043478260869565,-0.21260869565217397
Sunderland,4,7,0.87,0.9971428571428572,0.88,1.1461412151067325,1.365,1.8757142857142857,1.84,0.7277227722772277,-0.42857142857142855,-0.8785714285714287
Sunderland,5,2,0.87,0.46499999999999997,0.46499999999999997,0.5344827586206896,1.365,1.9,1.9,0.718421052631579,-3.0,-1.435
West Ham,1,2,1.005,2.685,2.685,2.6716417910447765,1.4449999999999998,0.825,0.825,1.7515151515151515,2.5,1.86
West Ham,2,4,1.005,1.35,1.27,1.3432835820895526,1.4449999999999998,1.3675,1.465,1.0566727605118829,1.0,-0.017500000000000127
West Ham,3,23,1.005,1.1865217391304348,0.95,1.1806186459009302,1.4449999999999998,1.422608695652174,1.29,1.015739608801956,-0.7391304347826086,-0.23608695652173917
West Ham,4,7,1.005,0.9971428571428572,0.85,0.9921819474058282,1.4449999999999998,2.0785714285714283,1.84,0.6951890034364261,-0.8571428571428571,-1.0814285714285716
West Ham,5,2,1.005,0.74,0.74,0.7363184079601991,1.4449999999999998,2.6,2.6,0.5557692307692307,-2.5,-1.8600000000000003
Wolves,1,1,0.725,2.28,2.28,3.144827586206896,1.3250000000000002,1.43,1.43,0.9265734265734268,-1.0,0.8499999999999999
Wolves,2,4,0.725,1.865,1.8250000000000002,2.5724137931034483,1.3250000000000002,0.5925,0.5700000000000001,2.236286919831224,0.25,1.2725
Wolves,3,24,0.725,0.8429166666666664,0.725,1.1626436781609193,1.3250000000000002,1.7666666666666673,1.47,0.7499999999999999,-1.1666666666666667,-0.9237500000000002
Wolves,4,7,0.725,0.6257142857142857,0.49,0.8630541871921182,1.3250000000000002,1.467142857142857,1.54,0.903115871470302,-1.4285714285714286,-0.8414285714285714
Wolves,5,2,0.725,0.495,0.495,0.6827586206896552,1.3250000000000002,0.94,0.94,1.4095744680851066,-1.5,-0.445
